iteration,random_obj0_mean,random_obj0_stde,random_obj1_mean,random_obj1_stde,random_obj2_mean,random_obj2_stde,deap_obj0_mean,deap_obj0_stde,deap_obj1_mean,deap_obj1_stde,deap_obj2_mean,deap_obj2_stde,gryffin_adam_naive_obj0_mean,gryffin_adam_naive_obj0_stde,gryffin_adam_naive_obj1_mean,gryffin_adam_naive_obj1_stde,gryffin_adam_naive_obj2_mean,gryffin_adam_naive_obj2_stde,gryffin_genetic_naivegryffin_adam_dynamic_obj0_mean,gryffin_genetic_naivegryffin_adam_dynamic_obj0_stde,gryffin_genetic_naivegryffin_adam_dynamic_obj1_mean,gryffin_genetic_naivegryffin_adam_dynamic_obj1_stde,gryffin_genetic_naivegryffin_adam_dynamic_obj2_mean,gryffin_genetic_naivegryffin_adam_dynamic_obj2_stde,gryffin_genetic_dynamic_obj0_mean,gryffin_genetic_dynamic_obj0_stde,gryffin_genetic_dynamic_obj1_mean,gryffin_genetic_dynamic_obj1_stde,gryffin_genetic_dynamic_obj2_mean,gryffin_genetic_dynamic_obj2_stde
1,34.85479999999999,2.3427226038635474,2.3122654999999996,0.03249894527510187,-0.6417298914,0.013744593072291174,41.15999999999999,1.938147016025618,2.2745573378,0.031146468767139696,-0.651992415,0.01473973493692837,29.693100000000005,1.727919458905312,2.2966012472000004,0.03198127722926453,-0.6681608690999998,0.01242704913874698,36.397499999999994,1.8741271035512181,2.339749504699999,0.031503537525519154,-0.6510958455,0.012312490637372631,33.9718,2.0107260404830254,2.3249622301999997,0.030281716158188,-0.6609357977999999,0.012802924074937664
2,22.73309999999999,1.661491977153023,2.2261276193,0.029760704609755738,-0.6578197086,0.014144409757912027,27.266100000000016,1.6357713287358637,2.2415341934,0.033665595891126526,-0.7006360040999999,0.014644430561254043,24.1184,1.5115437094821076,2.2412996431999996,0.033403153634209204,-0.6507744953999999,0.011909606473820675,25.815799999999985,1.467420244810639,2.3000011366999997,0.030760528800175862,-0.6820964705999999,0.012231184540917544,31.34519999999999,1.613104516959278,2.1162386738000003,0.031586277230057955,-0.6703164452999999,0.014588120285239174
3,18.383599999999994,1.2696832566780354,2.1787024939999995,0.028142418486413245,-0.6887261871,0.013363709380588392,20.881600000000002,1.3410808634295373,2.193845131100001,0.029801141796805108,-0.7004858048999998,0.013507234718651132,17.6985,1.2514617216156951,2.2376567683999995,0.03379660976465308,-0.6636048267,0.013354888726440037,21.342199999999995,1.3279179940641253,2.2616709538999995,0.03152388108213665,-0.6785257022999999,0.011864741938958577,26.758599999999998,1.4813908069741253,2.3768408162,0.04275061790552303,-0.7068243743999999,0.015675149947154448
4,15.652499999999998,1.044573965505212,2.1532303966999997,0.029757413626427795,-0.7002732947999998,0.013444607559185204,16.950699999999994,1.116919668125879,2.1588353846000006,0.02846810220208417,-0.6890352927,0.013957081808392785,14.571799999999994,0.9962595833581303,2.160456556399999,0.030081751997225153,-0.6566940309,0.013038960473053316,16.046299999999995,1.1001457422164242,2.2133721154999995,0.03130365356029968,-0.6775646451,0.010891557061099141,25.915999999999993,1.481401193110595,2.3249992358,0.041711279347014234,-0.6917739791999997,0.015354934932054516
5,14.403299999999993,0.9272136163791701,2.0968384880000004,0.027992255198276306,-0.6919630886999998,0.012595347775407035,15.130199999999995,1.0424888103486152,2.1169774253000004,0.027368874961465686,-0.6918490788,0.013075786232601956,13.397499999999994,0.9147682250274355,2.108987480899999,0.028840337943610628,-0.6595279524000002,0.012464476571252806,14.015899999999997,0.9237446923292544,2.1420835481000005,0.029893669023403166,-0.6762928497000001,0.011734340231692501,21.299799999999994,1.3039113768526787,2.2773885383000003,0.03844039168460785,-0.7043553390000001,0.013285674581754276
6,13.199199999999998,0.8755266746738807,2.0325317345,0.025823115883437206,-0.6899226107999996,0.01287330775879913,13.645899999999997,0.8941510802834175,2.0977108406,0.027508616957886894,-0.6917644557,0.01211581015605715,13.19249999999999,0.836442493415625,2.039813402599999,0.025656330183606295,-0.6877493481000002,0.012241215801240149,13.026599999999998,0.8289372780357107,2.0738280794,0.026176537978615744,-0.6908134662,0.010940091591533517,18.877299999999995,1.2474228660949116,2.2487170892,0.037854793597322904,-0.7070140281,0.012922834179530012
7,12.641999999999996,0.8201914090969078,2.0058381802999996,0.02322830516461467,-0.6928610186999998,0.013229904139964842,13.009799999999995,0.7965096415106901,2.0567774771000003,0.025465918101983075,-0.6799237520999994,0.012154798746019928,13.252499999999987,0.84414517164354,2.0117362198999995,0.023543203461561343,-0.6875539803000001,0.011859469909737654,12.0119,0.7774959832559817,2.0414095412000006,0.02407359491345669,-0.6925910954999999,0.010668085776425463,16.2925,0.9723310958323081,2.1951631835000005,0.03526972492648911,-0.7214924690999999,0.012681356894553505
8,12.1873,0.7676795169408505,1.9940089048999996,0.022310525137823556,-0.6906107516999999,0.012989248296148097,12.779499999999993,0.7708360480267225,2.0265917915000005,0.023590822291074256,-0.6882034829999994,0.011765145214387438,12.692599999999997,0.8120212589880049,1.9770867337999996,0.02184446245065789,-0.6964687926,0.011820861836762593,11.570799999999998,0.7307254416358954,2.011542756800001,0.022466648136324277,-0.6928389785999998,0.010975214946600816,15.179300000000003,0.8202226232049332,2.1262146761000005,0.034878194847156554,-0.7110566178,0.012244456600267677
9,11.791000000000002,0.7430463345720004,1.9809883757,0.022220989092284107,-0.7004907026999999,0.013348198508303943,12.4421,0.723634450236883,1.9950671018000006,0.021836893853179974,-0.6956712674999995,0.01128884450330715,12.125699999999997,0.7630094195011788,1.9728928564999995,0.021618864944336492,-0.6986564766,0.011845515872105158,11.806700000000001,0.7436254290959139,1.9857591050000003,0.02208308353567618,-0.6995391689999999,0.01149964657130568,13.230100000000002,0.7726691005369632,2.0998079153,0.03291341633669979,-0.7169413245,0.01183257331739167
10,11.793100000000004,0.7489383935783888,1.9559445638000001,0.020947268448002994,-0.7117858457999996,0.014298577060100043,11.780899999999997,0.6757604006372989,1.9723739618000007,0.019849583919560154,-0.6898390760999997,0.010869448067104716,11.954099999999993,0.7334140409020729,1.9450001575999991,0.019453778744951,-0.7069639616999999,0.011485775823067876,11.639200000000006,0.7136128325414846,1.9570033049000006,0.021519745350622375,-0.6997492302,0.012003500725446058,12.516400000000008,0.6971315361801268,2.0517436271,0.02959951889346644,-0.7113790563000001,0.011892722697485977
11,11.418700000000003,0.6915450681388867,1.9404683321000005,0.020267229515642984,-0.7196762015999998,0.012321832345678019,11.900099999999998,0.6670321999880028,1.9483967819000008,0.019310952846353174,-0.6935698391999996,0.010269670604850135,11.452400000000003,0.722371364412835,1.9357672603999987,0.018948897451686337,-0.7126206485999999,0.01118196622718161,11.895900000000001,0.7141584884304647,1.9399450838000005,0.020666776335108855,-0.7057038666000001,0.011975596027343756,12.4521,0.6495321524290214,2.0087368615999996,0.024346438430639494,-0.7151857353000003,0.012119375435919094
12,11.329500000000003,0.6986042956800785,1.9302311138000006,0.020488504387559118,-0.7236469568999999,0.012517953099349503,12.126799999999998,0.6597012287800849,1.9392871460000012,0.018841155386473084,-0.6982355378999998,0.010320474495012305,11.480100000000004,0.7251839180711876,1.915216635799999,0.018399110995740795,-0.7186103858999999,0.011146330077684136,11.433100000000003,0.689982716646209,1.9165847546000003,0.01795871759732921,-0.7117012227,0.011768525302325066,11.425699999999997,0.6490098767510367,1.9359737842999993,0.020522214880325695,-0.7195265466000003,0.011445673175819149
13,10.766300000000001,0.6953304490119283,1.9132849979000002,0.018918857527820902,-0.7144238553,0.012805533708552544,12.184000000000001,0.6547295382743552,1.932251728400001,0.018893350338580583,-0.7027749821999997,0.010734425445810287,11.519999999999998,0.734891990797944,1.9000331836999984,0.018915586064171465,-0.7255293447,0.011821343599749835,11.029100000000003,0.6703609928452707,1.9017544883,0.01667306892976973,-0.7180114938000002,0.01213456249594728,11.666799999999999,0.654458232123428,1.9120823158999993,0.019133966473786346,-0.7246613457000004,0.01109842457722026
14,10.973500000000001,0.6877409401475415,1.905778031,0.018389252075093985,-0.7161582206999998,0.012810476100736847,12.081799999999998,0.6657277652331367,1.924427765000001,0.019032020020795015,-0.7011576197999997,0.010909396234739237,11.234300000000001,0.7323323754915123,1.8922756126999989,0.018667150121392233,-0.7282318419,0.01181457000544818,10.818000000000001,0.6680926133602494,1.8955223099000003,0.01730403644842474,-0.7260912312000001,0.01228705665018133,11.289300000000003,0.6297399915792106,1.8912386395999994,0.01762040479564916,-0.7338686655000002,0.010711642093212547
15,10.812700000000001,0.6754034169554805,1.8917417525000002,0.017190265878017814,-0.7197559269,0.01216702039273304,12.067699999999991,0.6695305162824513,1.9150563689000006,0.016269450604761624,-0.7061936465999998,0.010530744655282833,11.1627,0.746969633522511,1.870790868799999,0.017168489857546192,-0.7323337494000003,0.01163097718877995,10.3863,0.6471277479060751,1.8840886679000008,0.017712717512799746,-0.7372203933,0.012674709675666168,11.790000000000004,0.6169467096324224,1.8766967992999992,0.017514318875327957,-0.7398891501000002,0.010984902858154514
16,10.611399999999998,0.6563875130508285,1.8892427861,0.016913447197312463,-0.7169693507999999,0.012626859261593713,12.265199999999995,0.6900208342941717,1.9071162188000008,0.016555157180883684,-0.7108979835,0.01049284815787713,10.251100000000001,0.7321394251391444,1.8560125735999993,0.01666438839105002,-0.7345233381000001,0.01199174462016192,10.375400000000003,0.6366161663441232,1.8747765896000006,0.01666877778892301,-0.74481933,0.012373091091451177,11.887700000000004,0.6237846030456641,1.861860274699999,0.015474412256528786,-0.7431657783,0.010439145575433443
17,10.597199999999997,0.6515000872113242,1.891476455,0.0168593886698645,-0.7219683719999999,0.012609882400507285,12.094299999999999,0.6883772390503091,1.9037783681000005,0.01663958056767178,-0.7146091554,0.010504780777218732,10.4558,0.7274404854217489,1.8442197595999992,0.016992844408495276,-0.7395974589000001,0.012483870753614075,9.970499999999998,0.672063803248754,1.863711915200001,0.016745181047980964,-0.7551305595,0.012114728617155795,11.513100000000003,0.6942378858274382,1.856670783499999,0.015235311880027825,-0.7524517350000001,0.010295324524789009
18,10.5836,0.6370219541782614,1.8800354663000005,0.015883896973045198,-0.7302927273,0.012984776408040478,12.016499999999997,0.6955011812888361,1.9005256847000007,0.01646355939140807,-0.7141041378,0.010593695533201808,10.317100000000003,0.6986277787838385,1.8370014907999994,0.016568682321386082,-0.7437831732000001,0.012087011306821256,9.8398,0.6628051615484659,1.856486843900001,0.016426467247588235,-0.7553694632999999,0.012147285089742495,11.861000000000004,0.7058143166635132,1.853258105299999,0.013687109789800127,-0.760380729,0.00973130840513539
19,10.7804,0.646690915578537,1.8803755913000004,0.015866162315667714,-0.7346827886999999,0.012997262247421853,12.137999999999998,0.6819838182645214,1.893001847600001,0.016345346677021484,-0.7120952235,0.011217641692137433,9.751599999999996,0.675807561376968,1.8338151997999992,0.015748296391696913,-0.7540247451,0.011752602166773119,9.588200000000002,0.6399801735909728,1.840943131400001,0.016756008551944278,-0.7680882335999999,0.011664333604135727,11.201400000000008,0.6878823924911855,1.8449612320999995,0.013909231301457376,-0.7699308948,0.009679972374265242
20,10.810399999999998,0.6458547773526503,1.8772083473000003,0.016009624429015268,-0.7347097265999999,0.01299345572554008,12.282799999999998,0.6733284855583792,1.8852475418000005,0.015641279852753456,-0.7107453354000001,0.011301665903893013,9.770399999999997,0.6741221913757282,1.8307821010999994,0.015346692203728203,-0.7559237309999999,0.011573406123179445,9.617000000000003,0.64209922055699,1.8343999427000015,0.01648731566312644,-0.7713270399000003,0.011533078673735838,11.05540000000001,0.6861346556151782,1.8236960728999998,0.014664841397724256,-0.7818676496999999,0.00988472342112921
21,10.9318,0.6545585698274504,1.8726947525000002,0.015688642257542094,-0.7359597539999999,0.012768152606948765,12.009499999999997,0.6633393301561019,1.8763115057000008,0.014780380422065403,-0.7123395692999999,0.011494501717734832,9.721200000000001,0.6655653633816697,1.8299298838999996,0.015142724401130188,-0.7643395118999998,0.011322635090245333,9.777800000000003,0.6396701587926318,1.8365168807000012,0.01606823734809146,-0.7779227439,0.011279809685366113,10.162600000000003,0.6888802780942334,1.8041380691,0.015592703158644673,-0.8002071896999999,0.010073314417094354
22,10.710700000000001,0.6538699166276309,1.8696099548,0.015781366178013834,-0.7392992372999998,0.012674395016579089,12.135,0.6554019913209967,1.8762889214000007,0.01478068807806322,-0.7132660698,0.01144372992728793,9.616700000000002,0.6668636387160176,1.8248625655999995,0.014691222615651145,-0.7740885827999999,0.01067633341570113,9.874900000000002,0.6547815619642774,1.8358124138000012,0.016066462049003912,-0.7797885336,0.011339226488180806,9.986600000000006,0.6856813448258446,1.7970645575,0.015471323033042557,-0.8058451016999999,0.009662383791523234
23,10.840400000000002,0.6650529738407968,1.8685887635000002,0.015650756795244775,-0.7409427212999999,0.012515738038802817,12.206899999999996,0.6539289042667615,1.8716855336000007,0.014954593287087176,-0.7153797426,0.011401560483481338,9.643000000000002,0.6762118552768934,1.8255343804999997,0.014968639401371732,-0.7781888576999998,0.010700291395390929,9.746600000000003,0.6577506822528434,1.8377065019000007,0.016243889276106725,-0.7846354509000002,0.01142117911531326,10.248500000000009,0.7169576487314168,1.7904024611000005,0.015861721852084957,-0.8151656150999999,0.009904787564011417
24,10.470000000000002,0.6578345004456155,1.8643499897000004,0.015709972086357007,-0.7447967456999999,0.012421494214514132,12.241100000000001,0.6389265033842818,1.861068191600001,0.015333535976793447,-0.7265461824,0.011183567477560778,9.6171,0.6725638211812179,1.8203326448,0.015135359339713913,-0.7800736943999997,0.0107769274939485,9.611100000000004,0.6478260900068644,1.838123631200001,0.01628118508424954,-0.7859132325000001,0.01134361410913129,10.03500000000001,0.7181695363282312,1.7843781671000007,0.01554290690309899,-0.8194098309000001,0.009551705179782741
25,10.4706,0.6506825440138828,1.8631568312000004,0.015583417637975551,-0.7482396269999998,0.012271000676010203,12.1292,0.6313855260309502,1.856555957300001,0.014623597337145926,-0.7290851475000001,0.011304978888623054,9.408999999999999,0.6669007164912673,1.8135891905,0.015005473314105063,-0.7815590882999998,0.010978464447223822,9.484300000000005,0.6412569958615288,1.828405579700001,0.016538717614367395,-0.7951844958000003,0.011268244905742549,10.05760000000001,0.729717092018712,1.7817575720000014,0.015699765112547438,-0.8283923960999999,0.009284690688837244
26,10.393100000000002,0.6423732381601653,1.8613566176000003,0.015450536460754725,-0.7497484214999999,0.012201068480902553,12.215199999999996,0.6425313023047077,1.848252553700001,0.014403133028356142,-0.7288976706000001,0.011401092247073896,9.4111,0.6703734093841929,1.8099215545999998,0.014861799498802451,-0.7823560691999998,0.010904008925081409,9.498200000000006,0.6417259304240351,1.823225067800001,0.015754155153497526,-0.7936740687000002,0.011374400576994511,10.179500000000012,0.7417469235679974,1.7720569349000013,0.015847192458386256,-0.8313114848999998,0.009179399125449642
27,10.252699999999999,0.6442921490513848,1.8552964064000002,0.015632982170040062,-0.7594898735999999,0.011731949636611536,12.370899999999997,0.6483404933102586,1.8443024780000008,0.013908769706420947,-0.7350811431000001,0.01105913761427388,9.554600000000002,0.6662101807218646,1.8053002082000003,0.014879791517997818,-0.7921576553999999,0.01063026224873471,9.661400000000006,0.6707358369759101,1.8201712895000008,0.015617822615605854,-0.7999620276000001,0.011314238595937581,10.250600000000013,0.7410837044727102,1.7655986414000013,0.016196837233919025,-0.8381101754999996,0.009076648308511414
28,10.306599999999998,0.6531102581377561,1.8543911297000002,0.015501688049193853,-0.7625422914,0.011189138261021527,12.378900000000003,0.6685358994490559,1.8423575072000005,0.013856314755390056,-0.7394575995000002,0.0111275309193432,9.515400000000005,0.6749485942931295,1.7976400490000006,0.014334134311254357,-0.7916820245999999,0.010684747483518517,9.700100000000004,0.6689050041684325,1.8215726045000011,0.01570856265658815,-0.8018980191000001,0.011366958297282495,10.522400000000012,0.73693645702993,1.7579493662000016,0.01634032025501759,-0.8437668623999997,0.00842024320240095
29,10.5779,0.6639494871122259,1.8495170024000007,0.015404600746548076,-0.7678463366999999,0.011002081155723636,12.3969,0.6564441953696654,1.8401891423000003,0.013874155845688895,-0.7420931601000004,0.011001599704977895,9.817100000000003,0.6684428480720395,1.7941239728000005,0.014118703468191492,-0.7959436547999998,0.010346681833554966,9.079900000000006,0.6242164274113412,1.8118047587000004,0.01575355174497251,-0.8113594803000003,0.010968694905258685,9.919000000000013,0.7372224211699513,1.7360145689000017,0.016651214532365906,-0.8537224571999998,0.008549325635985146
30,10.3205,0.6478471230210502,1.8481377275000006,0.015291307220790452,-0.7765532645999998,0.01042432232598852,12.2081,0.6470997305827547,1.8413316902000005,0.013995775960321108,-0.7530136215000005,0.010705729959104588,9.724200000000002,0.6714134375191012,1.7938121462000003,0.01416386601187395,-0.7997429870999998,0.010262901872715497,9.020700000000007,0.6148669832584247,1.8095759876000006,0.015710838937639967,-0.8119646307000002,0.010915346368334867,9.726000000000017,0.7396496770296928,1.7291168339000018,0.01690014011181916,-0.8592920720999997,0.008539867693710332
31,10.058099999999998,0.6463404504279472,1.8442379903000004,0.014612654488495802,-0.7812186911999998,0.010107067398770177,12.226699999999996,0.6459215214531402,1.8399684692000005,0.013839235398770794,-0.7570352595000004,0.010483541901604217,9.312000000000003,0.6404310289695948,1.7946322556,0.014421212309709311,-0.8065631735999997,0.009616038666776558,8.966800000000006,0.6361012106005912,1.8055924436000006,0.016135445973683143,-0.8162284377,0.010657320118242929,9.673600000000016,0.7603560768050273,1.7207579219000018,0.016994165327585582,-0.8636037686999997,0.008137447055495723
32,10.111099999999999,0.6519214126821093,1.8393350204,0.014846156876503635,-0.7856400440999998,0.009955272057518364,12.041299999999996,0.6426655200142948,1.8380447222000003,0.013663091466299392,-0.7638685068000005,0.010022767605577096,9.120300000000002,0.6263237092237871,1.7876381972000002,0.014622683061711555,-0.8100721751999999,0.009514338453108496,9.063700000000006,0.6270574242156395,1.8048825347000008,0.015909322314629038,-0.8190729711000002,0.01077024591788001,9.852100000000014,0.7835977358253742,1.715056610600002,0.01648298174633096,-0.8673930332999995,0.00790902883312626
33,10.2254,0.6278875696511566,1.8347699987000001,0.014740246339911453,-0.7902777164999999,0.009622319376495879,12.203200000000002,0.6378682849811533,1.8354643979000003,0.013513833976464948,-0.7664069277000006,0.009845546631193278,8.830400000000003,0.6187146136017628,1.7800743614000003,0.014388242128232557,-0.8163263936999998,0.009513385522833689,8.862300000000007,0.6293582477409759,1.7991363269000002,0.015949074151568383,-0.8272887585,0.010609871140738317,9.395800000000012,0.7772180614928494,1.7120920811000016,0.016622659933853902,-0.8715501770999995,0.0075058952232231625
34,10.282499999999995,0.623785871013633,1.8277084595000002,0.014521372973036052,-0.7957491032999998,0.009101902640763517,12.113399999999997,0.6365250111242736,1.8350820974000002,0.012911977301452557,-0.7635338238000005,0.009801927080093826,8.997800000000002,0.6212374238092458,1.7826356387000004,0.01453579767277383,-0.8187652259999997,0.009360805958030712,8.892000000000007,0.6310930040470797,1.7964877055000001,0.015947562777083313,-0.8303770935000001,0.010109519908610242,9.322900000000011,0.7776424819357881,1.7105609744000017,0.016854526545958773,-0.8723678375999995,0.00747854816443008
35,10.349399999999996,0.618123698660907,1.8284480273000003,0.014586331607744906,-0.7968304286999998,0.00919553306258744,12.255899999999997,0.6426152135790063,1.8342592670000002,0.012706751066412298,-0.7627934397000005,0.00977528142238189,9.260400000000004,0.6280506232370393,1.7792939786000006,0.014431145383055967,-0.8238105041999998,0.009153705532131023,8.768500000000007,0.6278944425430365,1.7899826108000008,0.015857821469826665,-0.8333614863000001,0.00982499957644825,9.465000000000012,0.7871698895776222,1.7056033124000018,0.016943400232387613,-0.8746352468999996,0.00749932466155957
36,10.223099999999999,0.6150865218357042,1.8240261302000003,0.014218042110615264,-0.7973534048999998,0.00905118430930279,12.071099999999996,0.644988037338179,1.8335074546999999,0.01300443115637018,-0.7671756102000005,0.009689073965799667,9.132300000000004,0.6214482240820822,1.7789233784000007,0.014522641588724813,-0.8289447591,0.009024630452923673,8.878700000000007,0.6439468750605242,1.7886223829000008,0.01570727028529827,-0.8341236384000001,0.009742054780447646,9.269300000000014,0.7813963084753386,1.7008831937000017,0.016734822393389477,-0.8789733371999996,0.00701426531622952
37,10.323499999999997,0.6239904099675375,1.8264382967000001,0.01427003195271153,-0.7992978314999998,0.00896988553274529,11.905699999999998,0.6532008925904895,1.8262138142,0.013112133572866582,-0.7714826811000006,0.009585726891793434,8.957000000000004,0.6296057477600473,1.7752190090000004,0.01452939350042868,-0.8307846993,0.008979509226118735,8.973000000000008,0.6647823308370363,1.7864434061000005,0.015690867752009598,-0.8363023431000002,0.009544734416744381,9.136300000000013,0.784991272517588,1.6937133587000013,0.016370299561767325,-0.8802143852999995,0.006957336861848537
38,10.163499999999997,0.6173022126418112,1.8258960013999999,0.014271658482101674,-0.8001614768999998,0.009034711190471384,11.886899999999995,0.6505208087526032,1.8291356239999998,0.013084236919854437,-0.7733686062000005,0.009475075120117832,8.965800000000007,0.6288592662409194,1.7711418626000006,0.01460925908121967,-0.8330268033,0.00896129205220033,8.847500000000005,0.6673808597938521,1.7805320336000006,0.015951858209252948,-0.8378348103000002,0.009623871595468741,8.910800000000012,0.7921904513776681,1.6922657867000013,0.01637179918921621,-0.8819751443999995,0.006642357216053785
39,10.163499999999997,0.6173022126418112,1.8258960013999999,0.014271658482101674,-0.8001614768999998,0.009034711190471384,11.754999999999995,0.6730344568172262,1.8275843819,0.013083816227255308,-0.7792386195000005,0.00928260481837299,8.736000000000004,0.6028999063796079,1.773913745300001,0.014869110453518443,-0.8356710710999999,0.008935556656682683,8.818500000000007,0.6686759035843011,1.7800634774000006,0.016045386802850628,-0.8394029226000002,0.009576274260250804,9.197000000000013,0.818422168213896,1.6905632570000015,0.016540144096283085,-0.8828711696999996,0.006641884727825172
40,10.227599999999999,0.6106501662559447,1.8250511308999997,0.014211030494532874,-0.8017255076999997,0.009093929097684549,11.535899999999996,0.6620521209204174,1.8304795259,0.013242286916954178,-0.7816088826000005,0.00946519370731135,8.776500000000004,0.6033169948593302,1.773044385800001,0.014889264349433494,-0.8375023041,0.008637424118129773,8.889500000000009,0.662131919798771,1.7802425192000007,0.016058497317756243,-0.8429628069000001,0.00917281479391506,9.284000000000011,0.835481027975701,1.6841713559000013,0.016427110113015644,-0.8866732229999996,0.006330093047040515
41,10.0212,0.6184994113865604,1.8182257745,0.01469149149071314,-0.8039610812999998,0.009244292848710062,11.534399999999996,0.662116617262871,1.8285541463000001,0.012900558771487117,-0.7843396782000005,0.009421903044259345,8.528100000000002,0.6091171693921966,1.7713228091000008,0.015082336389430928,-0.8417114190000001,0.008312670225044509,8.72320000000001,0.6424353102407254,1.7787666488000007,0.016178692516652625,-0.8434332678000002,0.009170923024780363,9.258500000000012,0.8366717138029038,1.6828111280000013,0.016489618356492517,-0.8869262759999996,0.0063453355215291815
42,9.847500000000004,0.6105427923375885,1.8138346247,0.014715887568129875,-0.8084267864999998,0.00880571664422547,11.467799999999997,0.6487762110176751,1.8281889881,0.012972033294121412,-0.7860988047000005,0.009241678821096855,8.4498,0.6138134587533246,1.768129987700001,0.014841750674066926,-0.8451053223000001,0.008066764810400242,8.72320000000001,0.6424353102407254,1.7787666488000007,0.016178692516652625,-0.8434332678000002,0.009170923024780363,9.383700000000012,0.8514631309822516,1.6846121579000013,0.01684691487383111,-0.8872353815999996,0.006349262717828774
43,9.8359,0.60836753022449,1.8128888050999996,0.014630593695745032,-0.8086039235999999,0.00885086967927695,11.4871,0.6650466281015411,1.8310835878999998,0.012897342764832996,-0.7879681317000005,0.008985933721692116,8.4967,0.6171918536449533,1.7696589176000008,0.014970277897525693,-0.8473496031000001,0.007865710909803687,8.565700000000007,0.6478589171359767,1.7715285167000012,0.015958116437851565,-0.8472138252000001,0.008777458705155377,9.263300000000012,0.8444783843041702,1.6825395722000014,0.016580030964465756,-0.8892162695999997,0.005987748530793096
44,9.6472,0.5974028078995242,1.8125173885999997,0.014575332658590316,-0.8094117884999998,0.008782503585286245,11.657099999999996,0.6720330129334429,1.8333716768,0.012900230018395381,-0.7899297006000005,0.009051608982757746,8.4967,0.6171918536449533,1.7696589176000008,0.014970277897525693,-0.8473496031000001,0.007865710909803687,8.638300000000006,0.640027245603485,1.7719344899000011,0.016089610159802304,-0.8492145765000001,0.00835036519755796,9.156400000000014,0.8461720465327571,1.6796640194000012,0.016328439334141173,-0.8896747580999996,0.0059850482752533294
45,9.612699999999998,0.6018730051049418,1.8089553274999994,0.01452978289105184,-0.8091184646999998,0.008798728647232178,11.7656,0.6842207474355803,1.8240144298999998,0.013059959387117686,-0.7941736443000004,0.008832791462697658,8.3719,0.6173008460691579,1.7704597079000006,0.015084506644577911,-0.8494368822000001,0.00770757061989199,8.519000000000007,0.6334090863786775,1.7646147278000008,0.01639824206460638,-0.8548301763000002,0.008366949344116421,8.999300000000016,0.8400282188889489,1.6753191266000014,0.015992958377424503,-0.8913274934999995,0.005887338223199644
46,9.445599999999999,0.6043723509374794,1.8066272398999994,0.014595867113911244,-0.8093132882999998,0.008782443998821419,11.7656,0.6842207474355803,1.8240144298999998,0.013059959387117686,-0.7941736443000004,0.008832791462697658,8.3719,0.6173008460691579,1.7704597079000006,0.015084506644577911,-0.8494368822000001,0.00770757061989199,8.541100000000007,0.6344814701355048,1.765082739800001,0.016441765378056385,-0.8562470010000003,0.008262849163810322,9.017700000000014,0.8384624382651816,1.6697527769000016,0.01553601131293707,-0.8932044392999995,0.005651944213295164
47,9.3426,0.6057689469930821,1.8081409321999993,0.014638746661158155,-0.8100743519999999,0.008716863838139901,11.7656,0.6842207474355803,1.8240144298999998,0.013059959387117686,-0.7941736443000004,0.008832791462697658,8.505600000000001,0.6321750935001746,1.7715562709000008,0.01565080319879532,-0.8538312972000002,0.007412999865961999,8.213400000000005,0.6167652982448584,1.7577662429000012,0.016454874392753595,-0.8583544155000002,0.00826669132986181,8.889200000000015,0.8451198265768813,1.665627740900001,0.01542009338441999,-0.8937323132999996,0.00567290301984931
48,9.0607,0.5966224400624932,1.8093751777999996,0.014630838699503693,-0.8119232714999999,0.008643377664352941,11.5689,0.6975832739826794,1.8200330627000003,0.0129421810228618,-0.7975612893000005,0.008933511267924594,8.554600000000002,0.6287970129554394,1.7691661445000009,0.015609426424672616,-0.8547482742000001,0.007427403575413879,8.193900000000005,0.6169293593310762,1.754933681900001,0.0163444631487352,-0.8584216242000002,0.00827082241518617,8.863700000000016,0.8461755690540289,1.6642675130000013,0.015470039858074245,-0.8939853662999995,0.0056867021811768965
49,9.0597,0.5971199362297628,1.8076595872999994,0.014451879172303462,-0.8130233717999998,0.008424005340633341,11.681199999999999,0.6967773307946489,1.8196352525000004,0.012960045619991478,-0.7998673368000004,0.008724716964307938,8.493100000000002,0.6405812407393334,1.769731568300001,0.015648331544241983,-0.8561280933000001,0.007165508635691411,8.168400000000005,0.6180821983506459,1.753573454000001,0.016467033332416316,-0.8586746772000002,0.008291296309478365,8.805000000000014,0.8456264080778029,1.6630400699000014,0.015387035950170656,-0.8959918316999996,0.00531804247188376
50,9.0597,0.5971199362297628,1.8076595872999994,0.014451879172303462,-0.8130233717999998,0.008424005340633341,11.3356,0.6939323264310092,1.8208504511000003,0.012992921073219548,-0.8007448593000004,0.008692516184411116,8.3688,0.6211331029649091,1.769479059500001,0.015613356497330253,-0.8562385659,0.007152151499463423,8.161400000000008,0.6175097525219734,1.7512323056000012,0.016367233413639742,-0.8596308366000003,0.008170734028251574,8.799900000000015,0.844956740053585,1.6582448516000015,0.015114721268454414,-0.8970908435999996,0.0052972071599947795
51,9.0597,0.5971199362297628,1.8076595872999994,0.014451879172303462,-0.8130233717999998,0.008424005340633341,11.432200000000002,0.6973275260623403,1.8153066857000006,0.013256508362147987,-0.8016457824000004,0.008662222743038728,8.434700000000003,0.6213974504693849,1.767281307800001,0.01547166444170231,-0.8571637059,0.007106944082577279,7.747500000000005,0.599931880209533,1.7415115331000013,0.016256375420776827,-0.8651114748000002,0.007837047319871532,8.799900000000015,0.844956740053585,1.6582448516000015,0.015114721268454414,-0.8970908435999996,0.0052972071599947795
52,9.0716,0.5966874295498418,1.8057450916999995,0.014253389323188969,-0.8138296040999998,0.008277088194084133,11.3621,0.6965292459108533,1.8176249777000006,0.013306819874212584,-0.8032204251000004,0.008706024932115575,8.2197,0.5868915563443334,1.7671651211000008,0.01554228222123393,-0.8582336031000001,0.007013573575327186,7.747500000000005,0.599931880209533,1.7415115331000013,0.016256375420776827,-0.8651114748000002,0.007837047319871532,8.597000000000017,0.8321642549457814,1.6578247292000015,0.01532137532671065,-0.8995332131999997,0.0050882574278895126
53,9.113199999999999,0.6019477768108705,1.8045870340999994,0.014108323634199052,-0.8128331739,0.008443587796348184,11.541200000000003,0.6970000473555741,1.8174704249000009,0.013456745725317404,-0.8060410137000003,0.00871937152717739,8.061100000000001,0.5388334373598379,1.7578799807000007,0.015726424995025547,-0.8618889945000001,0.00689277191539776,7.708200000000004,0.6029464500182696,1.737430849400001,0.01614779700804867,-0.8688686316000003,0.0072917393360398194,8.399900000000017,0.8186997923318947,1.6545812972000016,0.015218824152687407,-0.9005293712999998,0.0050622800502849495
54,9.072899999999999,0.586211514994556,1.8063916012999994,0.014252835512048097,-0.8134312496999999,0.008397142528678871,11.541200000000003,0.6970000473555741,1.8174704249000009,0.013456745725317404,-0.8060410137000003,0.00871937152717739,8.094400000000002,0.5419564847326215,1.7576533214000005,0.01570741532835688,-0.8637028131000001,0.006487307690810183,7.708200000000004,0.6029464500182696,1.737430849400001,0.01614779700804867,-0.8688686316000003,0.0072917393360398194,8.331000000000016,0.8207209074202665,1.6487311472000017,0.014910536458013867,-0.9008711288999998,0.005079915657639315
55,9.200799999999997,0.6045221328294818,1.8067684597999998,0.014593952712044778,-0.8153778530999999,0.008412116662705412,11.426100000000002,0.6920264444634695,1.820830315700001,0.013389030239987245,-0.8069737725000004,0.008775615028255445,8.100400000000002,0.531887194578278,1.7550468755000004,0.01575085122127536,-0.8668529148000002,0.006245417195713792,7.743600000000003,0.6209203144808569,1.731787767500001,0.01591442669868805,-0.8709450267000003,0.007141801107488405,8.331000000000016,0.8207209074202665,1.6487311472000017,0.014910536458013867,-0.9008711288999998,0.005079915657639315
56,9.421099999999996,0.5982384762465459,1.8081349459999996,0.014513812241918118,-0.8171769782999999,0.008381942140722663,11.2721,0.6805308504726707,1.822123879100001,0.01346224443270503,-0.8086178007000002,0.008803943037613959,8.100400000000002,0.531887194578278,1.7550468755000004,0.01575085122127536,-0.8668529148000002,0.006245417195713792,7.563100000000004,0.6075429631694576,1.7289067727000011,0.015756322653002714,-0.8730978819000004,0.006792757822757701,8.323700000000018,0.820265119916939,1.6437955253000016,0.014496953230789953,-0.9014006354999998,0.005050270186528105
57,9.679299999999998,0.6149211267663994,1.8077240749999997,0.014495610011648659,-0.8182770785999999,0.008293743420194627,10.996100000000002,0.681448547691386,1.8129962846000012,0.013702340295108707,-0.8117513043000002,0.00880437748880499,8.0265,0.5321877307272865,1.7530118396000005,0.01567742145534948,-0.8678011833000002,0.006184514000711835,7.6211000000000055,0.6046495846288301,1.725570826700001,0.015740681005085435,-0.8749998609000004,0.006544033237664282,8.323700000000018,0.820265119916939,1.6437955253000016,0.014496953230789953,-0.9014006354999998,0.005050270186528105
58,9.5017,0.5988104566246003,1.8031383736999995,0.01451852678479836,-0.8193415337999999,0.00830292259027657,11.0185,0.6746447084234906,1.812788944400001,0.013565942600957634,-0.8137890612000003,0.008783264660476513,8.0265,0.5321877307272865,1.7530118396000005,0.01567742145534948,-0.8678011833000002,0.006184514000711835,7.6211000000000055,0.6046495846288301,1.725570826700001,0.015740681005085435,-0.8749998609000004,0.006544033237664282,8.291800000000018,0.8190787997475569,1.6456082555000016,0.014800634759098395,-0.9026452208999999,0.004937605186622527
59,9.5017,0.5988104566246003,1.8031383736999995,0.01451852678479836,-0.8193415337999999,0.00830292259027657,10.894899999999998,0.6749001898038902,1.8124542614000012,0.013552261143261355,-0.8138584467000003,0.008776580657198649,7.827600000000005,0.5275777808682144,1.7477301065000008,0.015725046171818764,-0.8705496654000001,0.006185252329515069,7.606300000000005,0.6011851312062457,1.725691094900001,0.01596967287289362,-0.8767584432000003,0.0064655734338140616,8.291800000000018,0.8190787997475569,1.6456082555000016,0.014800634759098395,-0.9026452208999999,0.004937605186622527
60,9.5017,0.5988104566246003,1.8031383736999995,0.01451852678479836,-0.8193415337999999,0.00830292259027657,10.8379,0.666399537773321,1.8102110690000013,0.013552478761601663,-0.8149672542000004,0.00873470406519865,7.827600000000005,0.5275777808682144,1.7477301065000008,0.015725046171818764,-0.8705496654000001,0.006185252329515069,7.432000000000005,0.5767702948869443,1.7242111430000011,0.015783759040244528,-0.8767655178000002,0.006464338756396432,8.331700000000017,0.8172941569008013,1.6450058261000016,0.01477478548162993,-0.9034239710999998,0.0048884244939758955
61,9.5017,0.5988104566246003,1.8031383736999995,0.01451852678479836,-0.8193415337999999,0.00830292259027657,10.889499999999998,0.6615503919040989,1.8117133331000013,0.01361312523149726,-0.8162989116000002,0.008778271471873274,7.4033000000000015,0.44711653252111866,1.740263954600001,0.01582091479731271,-0.8730913515000001,0.006188930897154695,7.084300000000005,0.5219161179149127,1.717088381300001,0.01550862087143483,-0.8801991477,0.006355434388941092,8.249400000000017,0.8015291326678354,1.6407640592000015,0.014293004444686367,-0.9051969746999998,0.004527432441859462
62,9.3963,0.5988266194579284,1.7997956251999994,0.014735326877938063,-0.8206410833999999,0.0083853927106328,10.741900000000001,0.6562147888435854,1.8154650479000012,0.013576596300241979,-0.8174147937000004,0.008798177269368107,7.4033000000000015,0.44711653252111866,1.740263954600001,0.01582091479731271,-0.8730913515000001,0.006188930897154695,6.931000000000006,0.4936001292991298,1.713376665200001,0.015549306044999253,-0.8832621773999999,0.006123158312353476,8.086600000000018,0.7837543069039236,1.6429065746000016,0.014657534558402532,-0.9061555829999998,0.004471765092122645
63,9.3963,0.5988266194579284,1.7997956251999994,0.014735326877938063,-0.8206410833999999,0.0083853927106328,10.5689,0.6608128656463449,1.8135168119000014,0.01367318863335844,-0.8191507917000004,0.008473829846215267,7.482900000000002,0.4477489023813632,1.7373084044000007,0.01568651250593917,-0.8751337341000002,0.005889517995676344,6.729300000000006,0.4685998755690487,1.707165438500001,0.015229985525055625,-0.8846471664000001,0.006010606143276476,8.086600000000018,0.7837543069039236,1.6429065746000016,0.014657534558402532,-0.9061555829999998,0.004471765092122645
64,9.528,0.6080298310791117,1.7971557109999994,0.01481160706228477,-0.8216663562,0.008309132304005864,10.6235,0.6619784246102933,1.8154900811000012,0.013617799553662937,-0.8196177153000004,0.00845366882331253,7.482900000000002,0.4477489023813632,1.7373084044000007,0.01568651250593917,-0.8751337341000002,0.005889517995676344,6.729300000000006,0.4685998755690487,1.707165438500001,0.015229985525055625,-0.8846471664000001,0.006010606143276476,8.095700000000017,0.7830649919738032,1.6411188776000016,0.014425495411618468,-0.9062938097999997,0.004446637412443682
65,9.419200000000002,0.6097501446110347,1.7972076820999996,0.01480701277599567,-0.8221683807,0.008322641800380242,10.6235,0.6619784246102933,1.8154900811000012,0.013617799553662937,-0.8196177153000004,0.00845366882331253,7.193100000000004,0.443686329889349,1.7293832198000012,0.01589470586346187,-0.8783619285,0.005794835065256731,6.495900000000006,0.41722261276345374,1.6982519867000008,0.014782898981651672,-0.8870805567000001,0.005554782515822023,8.135600000000016,0.7813002659025775,1.6405164482000014,0.014397056147083998,-0.9070725599999997,0.004385356625340811
66,9.419200000000002,0.6097501446110347,1.7972076820999996,0.01480701277599567,-0.8221683807,0.008322641800380242,10.4054,0.6695027891618073,1.8196404224000013,0.013611851692842321,-0.8202016419000003,0.008428519257299073,7.197900000000004,0.4394631617364709,1.7298395315000012,0.015921908322427923,-0.8794484238,0.005770260674661836,6.506700000000006,0.41646358209660195,1.696950804500001,0.014864568452734173,-0.8877597183,0.005574071699872403,8.135600000000016,0.7813002659025775,1.6405164482000014,0.014397056147083998,-0.9070725599999997,0.004385356625340811
67,9.419200000000002,0.6097501446110347,1.7972076820999996,0.01480701277599567,-0.8221683807,0.008322641800380242,10.5105,0.6638845741413785,1.8181955714000013,0.01364804708135961,-0.8223093285000003,0.008140403918507544,7.040600000000004,0.4358892581410074,1.7266404518000014,0.015811322147147856,-0.8801586047999999,0.00573485729318444,6.931500000000005,0.4638701546284966,1.6960066175000008,0.01504331107523405,-0.8894734041000001,0.005433150224646088,7.938500000000018,0.7657325509988576,1.6372730162000013,0.014247727224764912,-0.9080687180999998,0.004337558176614626
68,9.471500000000002,0.6067758468945966,1.7975774659999997,0.014843849885630893,-0.8234782700999999,0.008349133852069224,10.446,0.6590714730676563,1.8156313010000011,0.0136297830223984,-0.8248191789000003,0.007899537807701335,7.040600000000004,0.4358892581410074,1.7266404518000014,0.015811322147147856,-0.8801586047999999,0.00573485729318444,6.931500000000005,0.4638701546284966,1.6960066175000008,0.01504331107523405,-0.8894734041000001,0.005433150224646088,7.938500000000018,0.7657325509988576,1.6372730162000013,0.014247727224764912,-0.9080687180999998,0.004337558176614626
69,9.3615,0.5861262428468976,1.7969597989999995,0.015018481852639544,-0.8249144138999999,0.008370723646753498,10.446,0.6590714730676563,1.8156313010000011,0.0136297830223984,-0.8248191789000003,0.007899537807701335,6.653400000000004,0.40514561517176567,1.7281818983000015,0.015922762000892963,-0.8821122828,0.005470216543994509,7.091300000000006,0.48981450182632125,1.6943693918000011,0.014881428324586327,-0.8908559442000002,0.005311919154476799,7.730600000000019,0.7499164844158394,1.6353307664000014,0.014062537488369005,-0.9083857145999998,0.004296256718016553
70,9.2353,0.5803672363843965,1.7922353266999993,0.015100849750937001,-0.8263559997000001,0.00831426613173947,10.438100000000002,0.6512432397112976,1.819346010200001,0.013683169140036016,-0.8259315237000004,0.007802389352470213,6.752500000000002,0.43457901468911503,1.7301761192000016,0.015969724418108632,-0.8822973108,0.005451477718661477,7.091300000000006,0.48981450182632125,1.6943693918000011,0.014881428324586327,-0.8908559442000002,0.005311919154476799,7.6796000000000175,0.7514830953302166,1.6326103106000014,0.014111024409570553,-0.9088918205999998,0.00431493755025359
71,9.2353,0.5803672363843965,1.7922353266999993,0.015100849750937001,-0.8263559997000001,0.00831426613173947,10.369200000000001,0.6445493990086973,1.8193106372000012,0.013617258593580752,-0.8275731030000003,0.00782427043833801,6.492600000000005,0.42333405927502543,1.7242769912000013,0.016109132618420504,-0.8857459061999999,0.005277409574549211,7.030800000000008,0.486437561748104,1.6920116453000011,0.015152601872044785,-0.8943249471,0.0048933064717103635,7.508000000000017,0.733309054332763,1.6307271065000015,0.013919271627329819,-0.9096349256999998,0.004253249124796577
72,9.202200000000001,0.5886277047840186,1.7839613098999996,0.015256409476997223,-0.8308785738000002,0.008263446036534347,10.4684,0.6402500009113417,1.821313565300001,0.01364342407971527,-0.8279012556000004,0.007833831856288626,6.492600000000005,0.42333405927502543,1.7242769912000013,0.016109132618420504,-0.8857459061999999,0.005277409574549211,7.030800000000008,0.486437561748104,1.6920116453000011,0.015152601872044785,-0.8943249471,0.0048933064717103635,7.518800000000018,0.7327252714601721,1.6294259243000015,0.0139418253115013,-0.9103140872999999,0.004241722885128968
73,9.261500000000002,0.5783236521252513,1.7820615076999997,0.01524636552052367,-0.8319242541000001,0.008184600094153147,10.652000000000001,0.6525978944461339,1.820274687500001,0.013732948291449951,-0.8303256666000003,0.007779449748223048,6.564600000000005,0.42675168029311394,1.7232291341000012,0.01631021283557714,-0.8877774047999999,0.00513681146596937,6.946000000000009,0.48390238078688025,1.6880460599000011,0.015019568291089198,-0.8950285977,0.004903578013553297,7.52960000000002,0.7321393976156907,1.6281247421000018,0.013963105470110811,-0.9109932488999998,0.004229052545449197
74,9.380500000000003,0.5718398942953199,1.7834018722999998,0.015353550496144135,-0.8321427504000001,0.008155385830666585,10.508100000000002,0.6517553655512508,1.8189400370000013,0.013662999665013695,-0.8316148764000003,0.007544060965778792,6.564600000000005,0.42675168029311394,1.7232291341000012,0.01631021283557714,-0.8877774047999999,0.00513681146596937,6.946000000000009,0.48390238078688025,1.6880460599000011,0.015019568291089198,-0.8950285977,0.004903578013553297,7.358000000000021,0.7131046007530312,1.6262415380000015,0.013763032079936439,-0.9117363539999999,0.00416226641585928
75,9.380500000000003,0.5718398942953199,1.7834018722999998,0.015353550496144135,-0.8321427504000001,0.008155385830666585,10.6843,0.6630194887520687,1.815536882300001,0.01362388248353631,-0.8338458243000004,0.0072461075714226695,6.5201000000000064,0.42535778094688637,1.7101974488000016,0.01640802771484621,-0.8918719655999999,0.004971221866781573,6.845500000000007,0.4810038090493329,1.6882680935000014,0.015020799317280035,-0.8958076199999999,0.004794539546428466,7.303000000000021,0.711418960280958,1.6258831823000017,0.013744627980383372,-0.9126955064999998,0.004046358120749434
76,9.380500000000003,0.5718398942953199,1.7834018722999998,0.015353550496144135,-0.8321427504000001,0.008155385830666585,10.454199999999998,0.6417804915759062,1.8174010394000013,0.013736390911880454,-0.8366745759000004,0.007172984007630171,6.480300000000007,0.4213677849853333,1.7104246523000015,0.01644175383149974,-0.8922553544999998,0.004966189796908044,6.933700000000008,0.4850288522884904,1.6876675688000011,0.014966768540234696,-0.8967705818999999,0.004555494017996548,7.277500000000021,0.7120934785773734,1.6245229544000017,0.013760612812774888,-0.9129485594999998,0.004053621165018168
77,9.380500000000003,0.5718398942953199,1.7834018722999998,0.015353550496144135,-0.8321427504000001,0.008155385830666585,10.221599999999999,0.6493842958350439,1.816621745000001,0.013835937489046128,-0.8371866681000004,0.007175661937895484,6.19930000000001,0.3940838702952127,1.701942751100002,0.016108392309332965,-0.8958293879999999,0.004913336302019148,6.677100000000007,0.46280335578725634,1.685008063400001,0.015068221419655256,-0.898732695,0.004492459104126731,7.309800000000021,0.7113824949899631,1.6256899913000016,0.0142165597813923,-0.9141447110999996,0.0039821522693952675
78,9.486500000000001,0.5856498997010889,1.7810686147999997,0.015351777855730605,-0.8335505958,0.007992220361479676,10.442199999999998,0.6580542500280674,1.816114822700001,0.013807995090727412,-0.8373605400000004,0.007173506901939828,6.19930000000001,0.3940838702952127,1.701942751100002,0.016108392309332965,-0.8958293879999999,0.004913336302019148,6.677100000000007,0.46280335578725634,1.685008063400001,0.015068221419655256,-0.898732695,0.004492459104126731,7.320600000000024,0.7108114299087259,1.6243888091000016,0.014233945228506599,-0.9148238726999997,0.003961959158969204
79,9.558900000000005,0.5839305770241847,1.7814696901999998,0.01543571084396353,-0.8338934418000001,0.007975738143829406,10.442199999999998,0.6580542500280674,1.816114822700001,0.013807995090727412,-0.8373605400000004,0.007173506901939828,6.148300000000009,0.3950450181571438,1.699222295300002,0.01626481599109088,-0.8963354939999999,0.004942814493133816,6.687900000000009,0.4620759881829161,1.6837068812000013,0.015136741283890285,-0.8994118565999999,0.0044983739311546915,7.320600000000024,0.7108114299087259,1.6243888091000016,0.014233945228506599,-0.9148238726999997,0.003961959158969204
80,9.613600000000005,0.5850179535003718,1.7798278387999997,0.015335973961392706,-0.834862662,0.007910820211514642,10.442199999999998,0.6580542500280674,1.816114822700001,0.013807995090727412,-0.8373605400000004,0.007173506901939828,6.148300000000009,0.3950450181571438,1.699222295300002,0.01626481599109088,-0.8963354939999999,0.004942814493133816,6.687900000000009,0.4620759881829161,1.6837068812000013,0.015136741283890285,-0.8994118565999999,0.0044983739311546915,7.295100000000024,0.711492960136101,1.6230285812000016,0.014247925611598702,-0.9150769256999997,0.003967991984049158
81,9.626700000000007,0.5837290634606257,1.7794868974999998,0.015316090387920527,-0.8349037491000001,0.007905384521362736,10.405099999999997,0.6580879864256508,1.8188861612000011,0.013878009316844513,-0.8384840409000005,0.007227474982028703,6.0534000000000106,0.3916624489675149,1.6994663690000023,0.01626880698205473,-0.8965158963,0.0049160197133281585,6.623300000000011,0.4583867109747897,1.6800724415000017,0.014831749990302786,-0.9009601055999998,0.004321467148041372,7.182800000000022,0.693509123367133,1.6237507346000017,0.014391183669023054,-0.9153694331999996,0.003920057628647353
82,9.614700000000006,0.5848984374438629,1.7802212953999998,0.015368387020212773,-0.8352982941,0.007864042102844495,10.396399999999998,0.6589376658414241,1.817322946700001,0.013895241037586157,-0.8393139459000004,0.0072231409871665085,6.0534000000000106,0.3916624489675149,1.6994663690000023,0.01626880698205473,-0.8965158963,0.0049160197133281585,6.623300000000011,0.4583867109747897,1.6800724415000017,0.014831749990302786,-0.9009601055999998,0.004321467148041372,7.182800000000022,0.693509123367133,1.6237507346000017,0.014391183669023054,-0.9153694331999996,0.003920057628647353
83,9.524200000000006,0.5897078384774604,1.7827831169000001,0.01545002338588303,-0.8375597172,0.007836554436621018,10.396399999999998,0.6589376658414241,1.817322946700001,0.013895241037586157,-0.8393139459000004,0.0072231409871665085,5.90900000000001,0.37911970650713267,1.688271358700002,0.016179246664593108,-0.8996341622999998,0.004905961962333184,6.679800000000012,0.46297840640296467,1.6795249763000015,0.015180043956797,-0.9020713619999998,0.0042428201344266794,7.182800000000022,0.693509123367133,1.6237507346000017,0.014391183669023054,-0.9153694331999996,0.003920057628647353
84,9.405100000000006,0.6085341357793609,1.7816996147,0.015447057893302689,-0.8397947466000001,0.007711592350897923,10.410499999999997,0.6622766750743345,1.817991224300001,0.013873033508628034,-0.8404964925000002,0.0071328497621384315,5.90900000000001,0.37911970650713267,1.688271358700002,0.016179246664593108,-0.8996341622999998,0.004905961962333184,6.679800000000012,0.46297840640296467,1.6795249763000015,0.015180043956797,-0.9020713619999998,0.0042428201344266794,6.985700000000019,0.673081674097669,1.6205073026000016,0.014202782180540862,-0.9163655912999995,0.0038446396201241204
85,9.405100000000006,0.6085341357793609,1.7816996147,0.015447057893302689,-0.8397947466000001,0.007711592350897923,10.410499999999997,0.6622766750743345,1.817991224300001,0.013873033508628034,-0.8404964925000002,0.0071328497621384315,5.661600000000012,0.3281564860221974,1.6855011086000022,0.016152572452071055,-0.9015138290999998,0.004781868793374045,6.62880000000001,0.46433558506493533,1.6768045205000015,0.015305331560184045,-0.9025774679999998,0.004269379267446295,6.985700000000019,0.673081674097669,1.6205073026000016,0.014202782180540862,-0.9163655912999995,0.0038446396201241204
86,9.405100000000006,0.6085341357793609,1.7816996147,0.015447057893302689,-0.8397947466000001,0.007711592350897923,10.362599999999997,0.6617758249787256,1.819695930800001,0.013943754513896572,-0.8412379650000004,0.007161324236833948,5.661600000000012,0.3281564860221974,1.6855011086000022,0.016152572452071055,-0.9015138290999998,0.004781868793374045,6.606900000000012,0.46118204937425095,1.6801614182000015,0.015666260284216547,-0.9031252052999998,0.004260278054489908,6.636500000000018,0.6282122532546394,1.6182132275000018,0.014207053150845455,-0.9180376457999995,0.0036785794930748092
87,9.278900000000004,0.5917169974755837,1.7810433095,0.015406325208051908,-0.8433997995000001,0.007604381096317695,10.362599999999997,0.6617758249787256,1.819695930800001,0.013943754513896572,-0.8412379650000004,0.007161324236833948,5.54850000000001,0.3054804774613075,1.6831969658000019,0.016270769863342863,-0.9020917694999998,0.004792778174238562,6.643300000000011,0.45809086565863477,1.6744666373000012,0.015381092910190023,-0.9047714102999999,0.004148009932418851,6.706700000000017,0.6267396693210846,1.6191421769000018,0.014582636212879491,-0.9194283488999996,0.003548855175532407
88,9.127400000000005,0.5719990492613444,1.7816560786999998,0.015501321450259724,-0.8452615077,0.007486384508756651,10.362599999999997,0.6617758249787256,1.819695930800001,0.013943754513896572,-0.8412379650000004,0.007161324236833948,5.552100000000012,0.30516284288471573,1.6825354907000019,0.016261775616709044,-0.9024444110999998,0.0047543762190554745,6.6178000000000115,0.45876371712260317,1.6731064094000012,0.015439113086078454,-0.9050244632999999,0.004160016287727591,6.7211000000000185,0.6259740601879282,1.6171795196000016,0.014553324630119534,-0.9204601520999995,0.003444482457160305
89,9.324300000000006,0.5890722076363907,1.7827779469999998,0.015489183588147926,-0.8482766478000001,0.0070378242547459976,10.274999999999999,0.6651421120186992,1.819235809700001,0.013900864928070989,-0.8416175445000004,0.007114361415763638,5.42390000000001,0.28402574408624354,1.679379674900002,0.01604278864188534,-0.9041757833999999,0.004623424296059341,6.4868000000000094,0.45499454537700096,1.6692385079000016,0.015205225213692343,-0.9061672832999998,0.003988011449864218,6.610800000000019,0.6240680132932577,1.6118537063000016,0.014206258612322024,-0.9214168556999995,0.0034065996759969366
90,9.324300000000006,0.5890722076363907,1.7827779469999998,0.015489183588147926,-0.8482766478000001,0.0070378242547459976,10.274999999999999,0.6651421120186992,1.819235809700001,0.013900864928070989,-0.8416175445000004,0.007114361415763638,5.42390000000001,0.28402574408624354,1.679379674900002,0.01604278864188534,-0.9041757833999999,0.004623424296059341,6.4868000000000094,0.45499454537700096,1.6692385079000016,0.015205225213692343,-0.9061672832999998,0.003988011449864218,6.610800000000019,0.6240680132932577,1.6118537063000016,0.014206258612322024,-0.9214168556999995,0.0034065996759969366
91,9.241500000000004,0.5744531808547881,1.7822127953,0.015473716137425682,-0.8487778560000001,0.006953740451686631,10.274999999999999,0.6651421120186992,1.819235809700001,0.013900864928070989,-0.8416175445000004,0.007114361415763638,5.3729000000000084,0.2839403567857355,1.676659219100002,0.016161139836230635,-0.9046818893999999,0.004645470390702205,6.325000000000012,0.418590891998129,1.6719625010000017,0.015607006162709745,-0.9074328204,0.003877018867226361,6.610800000000019,0.6240680132932577,1.6118537063000016,0.014206258612322024,-0.9214168556999995,0.0034065996759969366
92,9.135400000000002,0.5561136667681246,1.7818016522000002,0.015465930938533254,-0.8496804117000001,0.006868914628838775,10.274999999999999,0.6651421120186992,1.819235809700001,0.013900864928070989,-0.8416175445000004,0.007114361415763638,5.3729000000000084,0.2839403567857355,1.676659219100002,0.016161139836230635,-0.9046818893999999,0.004645470390702205,6.325000000000012,0.418590891998129,1.6719625010000017,0.015607006162709745,-0.9074328204,0.003877018867226361,6.610800000000019,0.6240680132932577,1.6118537063000016,0.014206258612322024,-0.9214168556999995,0.0034065996759969366
93,9.190000000000003,0.5589287675611512,1.7837749214,0.015458346018133985,-0.8501473353000002,0.006822743128941091,10.274999999999999,0.6651421120186992,1.819235809700001,0.013900864928070989,-0.8416175445000004,0.007114361415763638,5.29890000000001,0.2737273059015536,1.6713924515000018,0.016052066717454256,-0.9060647015999999,0.0046360855006022696,6.080600000000013,0.3780158008864501,1.660266554600002,0.015385405944980866,-0.9101290592999998,0.003814379852273555,6.83140000000002,0.6457945709706084,1.6113467840000018,0.014104154156485204,-0.9215907275999996,0.0033578484122259947
94,9.117800000000006,0.5607366228889937,1.7822264003000003,0.015625292933445906,-0.8516365386000001,0.006848340183746737,10.285399999999997,0.6647032216102915,1.8201103391000009,0.013973010253373958,-0.8416458429000003,0.007109035661499116,5.29890000000001,0.2737273059015536,1.6713924515000018,0.016052066717454256,-0.9060647015999999,0.0046360855006022696,6.079000000000012,0.3779073806748601,1.6605636878000019,0.015447365504339294,-0.9103606163999999,0.003818202268446106,6.83140000000002,0.6457945709706084,1.6113467840000018,0.014104154156485204,-0.9215907275999996,0.0033578484122259947
95,9.117800000000006,0.5607366228889937,1.7822264003000003,0.015625292933445906,-0.8516365386000001,0.006848340183746737,10.285399999999997,0.6647032216102915,1.8201103391000009,0.013973010253373958,-0.8416458429000003,0.007109035661499116,5.2479000000000084,0.2734009000305903,1.668671995700002,0.016156633864954258,-0.9065708075999999,0.004655977194012573,5.863000000000013,0.33130877368407996,1.660098941000002,0.015507172091426933,-0.9110356964999998,0.0037084129665785155,6.7191000000000205,0.6250765421143905,1.6120689374000017,0.014254897205615779,-0.9218832350999996,0.003295171762898987
96,9.113100000000005,0.5601950571824271,1.7828960384000003,0.015616423688313688,-0.8517483717000001,0.00683187150686949,10.285399999999997,0.6647032216102915,1.8201103391000009,0.013973010253373958,-0.8416458429000003,0.007109035661499116,5.2479000000000084,0.2734009000305903,1.668671995700002,0.016156633864954258,-0.9065708075999999,0.004655977194012573,5.803700000000015,0.3241985449714039,1.657493583500002,0.015249883891125212,-0.9114862940999998,0.003680752054153337,6.547500000000019,0.6003104555958042,1.6101857333000016,0.01403701629447105,-0.9226263401999995,0.003183174354951542
97,9.217300000000003,0.5779521502607468,1.7836513880000004,0.015638445255481047,-0.8518139478000001,0.006830127241521107,10.307199999999998,0.655913305755319,1.8243550991000008,0.014028395395192622,-0.8444356842000004,0.007112598466287808,5.175800000000009,0.26172390355812863,1.662257238200002,0.015767521802208896,-0.9077653265999999,0.004579382476006286,5.687500000000013,0.32417952676710043,1.6553663057000017,0.015355635494171906,-0.9127270700999999,0.0034563913816474195,6.522000000000017,0.6007825730084121,1.6088255054000016,0.014037157129126116,-0.9228793931999995,0.003184359974043517
98,9.217300000000003,0.5779521502607468,1.7836513880000004,0.015638445255481047,-0.8518139478000001,0.006830127241521107,9.953700000000001,0.6447793318626657,1.825823078600001,0.014097686266350756,-0.8461692333000004,0.007157917995272375,5.175800000000009,0.26172390355812863,1.662257238200002,0.015767521802208896,-0.9077653265999999,0.004579382476006286,5.687500000000013,0.32417952676710043,1.6553663057000017,0.015355635494171906,-0.9127270700999999,0.0034563913816474195,6.522000000000017,0.6007825730084121,1.6088255054000016,0.014037157129126116,-0.9228793931999995,0.003184359974043517
99,9.217300000000003,0.5779521502607468,1.7836513880000004,0.015638445255481047,-0.8518139478000001,0.006830127241521107,9.917800000000002,0.6435742926945769,1.8250554845000009,0.014062982992939939,-0.8462639241000004,0.007136258953104792,5.215700000000009,0.2609906431359363,1.6616548088000018,0.015749759052076838,-0.9085440767999998,0.0045173142561796345,5.698300000000015,0.3234775602203741,1.654065123500002,0.015397341736549112,-0.9134062316999999,0.003435967431188386,6.522000000000017,0.6007825730084121,1.6088255054000016,0.014037157129126116,-0.9228793931999995,0.003184359974043517
100,9.042900000000003,0.5767845757222909,1.7855120078000004,0.01571088546732456,-0.8531741757,0.0068512918018499664,9.917800000000002,0.6435742926945769,1.8250554845000009,0.014062982992939939,-0.8462639241000004,0.007136258953104792,5.215700000000009,0.2609906431359363,1.6616548088000018,0.015749759052076838,-0.9085440767999998,0.0045173142561796345,5.698300000000015,0.3234775602203741,1.654065123500002,0.015397341736549112,-0.9134062316999999,0.003435967431188386,6.522000000000017,0.6007825730084121,1.6088255054000016,0.014037157129126116,-0.9228793931999995,0.003184359974043517
